index,period,minute,second,possession,duration,statsbomb_xg,penalty_taken_at_home,home_score,away_score,match_week,player_team_name,player_name,player_position,foot,technique,keeper_name,keeper_team_name,competition_name,competition_stage,stadium,direction,outcome
0,2,92,5,149,0.4784,0.76,1,8,2,3,9,107,9,1,1,17,38,3,3,5,8,1
1,2,62,21,158,0.769673,0.76,1,4,2,9,9,107,3,1,1,132,80,3,3,5,5,1
2,2,67,17,155,0.707958,0.76,1,3,4,12,9,104,22,0,1,102,72,3,3,5,9,1
3,1,31,51,59,0.522165,0.76,0,2,2,22,79,31,10,1,1,90,11,3,3,5,4,1
4,1,38,43,70,0.321987,0.76,1,2,2,22,9,104,22,0,1,101,95,3,3,5,2,1
5,1,42,43,93,0.39022,0.76,1,1,0,24,9,104,22,0,1,75,75,3,3,5,8,1
6,2,84,47,173,0.327656,0.76,1,1,0,24,9,104,22,0,1,75,75,3,3,5,8,0
7,2,50,36,92,0.7574,0.76,1,3,1,27,9,104,0,0,1,126,70,3,3,5,8,1
8,2,59,50,110,0.6836,0.76,0,0,2,34,9,107,3,1,1,42,26,3,3,5,7,1
9,3,94,45,211,0.558867,0.76,1,1,1,7,10,14,22,0,1,106,17,0,0,2,8,0
10,5,120,11,257,0.361227,0.76,1,1,1,7,10,141,16,1,1,106,17,0,0,2,7,1
11,5,120,56,258,0.8347,0.76,0,1,1,7,20,93,0,0,1,88,12,0,0,2,2,0
12,5,121,33,259,0.4503,0.76,1,1,1,7,10,119,3,1,1,106,17,0,0,2,8,1
13,5,122,14,260,0.5316,0.76,0,1,1,7,20,33,8,1,1,88,12,0,0,2,9,1
14,5,123,3,261,0.3819,0.76,1,1,1,7,10,112,5,1,1,106,17,0,0,2,5,1
15,5,123,48,262,0.6003,0.76,0,1,1,7,20,59,11,1,1,88,12,0,0,2,1,1
16,5,124,28,263,0.3716,0.76,1,1,1,7,10,74,13,0,1,106,17,0,0,2,7,0
17,5,125,18,264,1.163917,0.76,0,1,1,7,20,16,7,0,1,88,12,0,0,2,7,1
18,5,126,4,265,0.4602,0.76,1,1,1,7,10,17,11,1,1,106,17,0,0,2,6,0
19,5,127,6,266,0.5793,0.76,0,1,1,7,20,35,3,1,1,88,12,0,0,2,5,1
20,2,67,34,159,0.3157,0.76,1,1,2,7,13,0,11,1,1,88,12,0,0,73,8,1
21,4,119,53,272,0.8556,0.76,1,4,1,7,63,29,13,1,1,128,8,0,0,32,7,1
22,2,47,8,112,0.5279,0.76,0,1,1,7,6,12,9,0,1,82,73,0,0,62,9,0
23,5,120,0,265,0.617539,0.76,1,1,1,7,63,105,22,1,1,67,8,0,0,62,8,1
24,5,120,43,266,0.594162,0.76,0,1,1,7,6,12,9,0,1,82,73,0,0,62,2,1
25,5,121,21,267,0.464,0.76,1,1,1,7,63,115,7,0,1,67,8,0,0,62,7,1
26,5,121,57,268,0.623852,0.76,0,1,1,7,6,61,20,1,1,82,73,0,0,62,9,1
27,5,122,36,269,0.5361,0.76,1,1,1,7,63,62,13,0,1,67,8,0,0,62,8,1
28,5,123,23,270,0.655044,0.76,0,1,1,7,6,156,21,0,1,82,73,0,0,62,5,1
29,5,124,1,271,0.573583,0.76,1,1,1,7,63,159,8,1,1,67,8,0,0,62,8,1
30,5,124,32,272,0.665537,0.76,0,1,1,7,6,91,16,1,1,82,73,0,0,62,5,0
31,5,125,12,273,0.419743,0.76,1,1,1,7,63,29,3,1,1,67,8,0,0,62,7,1
32,2,58,50,134,0.6271,0.76,1,4,0,1,61,102,22,1,1,97,99,1,3,1,3,1
33,2,82,44,182,0.7972,0.76,1,2,2,3,48,138,22,1,1,124,15,1,3,0,5,1
34,1,20,20,46,0.5625,0.76,0,0,5,5,4,100,20,1,1,20,18,1,3,68,4,1
35,1,31,45,78,0.356516,0.76,0,0,1,5,12,13,1,1,1,124,15,1,3,66,7,0
36,2,74,40,160,0.4168,0.76,0,0,0,6,21,94,12,1,1,10,13,1,3,58,7,0
37,2,68,33,156,0.4112,0.76,0,2,1,7,82,44,10,0,1,91,14,1,3,75,8,0
38,2,54,15,117,0.923753,0.76,0,1,2,7,81,76,9,1,1,83,34,1,3,35,5,0
39,2,66,31,149,0.414785,0.76,1,3,1,8,4,32,19,1,1,10,13,1,3,41,8,1
40,2,84,36,200,1.63221,0.76,0,0,3,8,48,138,3,1,1,9,51,1,3,46,3,1
41,2,75,35,150,0.641,0.76,1,1,5,16,46,27,12,1,1,104,5,1,3,46,4,1
42,2,72,57,180,0.5248,0.76,1,1,3,16,32,70,0,0,1,53,13,1,3,35,1,0
43,2,61,17,144,0.832953,0.76,1,1,1,13,16,106,0,1,1,37,53,1,3,66,0,1
44,1,26,36,61,0.956207,0.76,0,1,2,14,46,27,3,1,1,97,99,1,3,7,4,1
45,1,2,15,5,0.5578,0.76,1,3,0,15,48,138,18,1,1,91,14,1,3,0,4,1
46,2,79,51,174,0.516799,0.76,0,0,3,15,4,100,19,1,1,50,71,1,3,1,8,1
47,2,55,1,142,1.1964,0.76,1,2,1,15,16,106,0,1,1,97,99,1,3,66,6,1
48,2,81,53,160,1.1486,0.76,1,6,0,17,21,55,18,1,1,124,15,1,3,68,5,1
49,2,65,15,157,0.651,0.76,1,1,2,17,61,52,11,1,1,11,98,1,3,40,8,1
50,2,72,53,131,0.8086,0.76,1,3,0,17,4,100,10,1,1,97,99,1,3,41,4,1
51,1,21,5,45,1.1573,0.76,0,0,4,18,21,55,0,1,1,9,51,1,3,46,8,1
52,2,61,3,139,1.419222,0.76,1,3,4,18,61,52,0,1,1,37,53,1,3,1,6,1
53,2,48,19,120,0.590865,0.76,0,0,1,19,61,52,0,1,1,124,15,1,3,66,8,0
54,2,52,52,109,0.829232,0.76,0,2,1,19,46,27,12,1,1,37,53,1,3,0,8,1
55,1,29,34,59,0.640051,0.76,1,2,1,21,48,138,18,1,1,97,99,1,3,75,4,1
56,2,62,16,141,0.498982,0.76,1,0,1,13,16,23,0,1,1,9,51,1,3,66,1,0
57,2,66,11,156,0.521485,0.76,0,0,1,17,76,145,3,1,1,97,14,1,3,75,6,1
58,2,67,19,164,0.384878,0.76,0,1,2,5,76,142,19,0,1,124,15,1,3,66,5,0
59,1,45,53,98,0.545642,0.76,1,1,0,2,76,142,10,0,1,9,51,1,3,69,5,1
60,1,30,20,84,0.419926,0.76,0,3,1,13,61,52,0,1,1,3,34,1,3,57,4,1
61,2,69,35,150,0.604235,0.76,0,1,3,4,81,98,19,1,1,97,14,1,3,70,9,1
62,1,41,49,117,0.418405,0.76,0,0,0,1,15,54,17,1,1,124,15,1,3,4,4,0
63,1,14,37,23,0.951725,0.76,1,3,0,6,15,97,9,1,1,53,13,1,3,67,9,1
64,2,71,30,139,0.671185,0.76,1,1,1,4,46,128,0,1,1,124,15,1,3,46,5,1
65,1,19,33,38,0.476868,0.76,1,1,4,11,76,145,9,1,1,37,53,1,3,69,5,1
66,2,65,37,156,0.725708,0.76,1,1,1,9,46,128,21,1,1,26,98,1,3,46,9,0
67,2,83,56,168,0.482235,0.76,0,11,1,8,16,171,19,1,1,89,5,1,3,41,8,0
68,2,69,40,130,0.416296,0.76,1,3,3,17,48,63,18,1,1,10,18,1,3,0,2,0
69,2,54,12,134,0.530132,0.76,0,1,3,10,4,100,19,1,1,131,34,1,3,35,8,1
70,1,22,23,53,0.652596,0.76,0,3,2,4,32,106,0,1,1,50,71,1,3,1,5,1
71,2,57,15,131,0.547723,0.76,1,3,0,13,49,96,19,1,1,23,91,1,3,39,2,1
72,2,94,13,205,0.487638,0.76,1,2,0,3,49,96,19,1,1,9,51,1,3,39,8,1
73,2,86,31,190,0.562047,0.76,1,4,0,7,49,96,10,1,1,97,14,1,3,39,3,1
74,1,10,50,25,0.552239,0.76,1,3,1,9,49,96,20,1,1,131,34,1,3,39,5,1
75,2,65,49,156,0.405361,0.76,1,1,1,14,61,52,0,1,1,95,54,1,3,1,2,0
76,2,79,30,187,0.516188,0.76,1,1,1,14,61,52,0,1,1,95,54,1,3,1,9,1
77,2,64,21,148,0.765286,0.76,1,1,0,6,21,118,16,1,1,95,54,1,3,38,5,1
78,1,1,48,3,0.390909,0.76,0,0,2,13,45,134,22,0,1,55,90,0,0,75,6,1
79,2,69,6,135,0.655,0.76,1,3,1,1,72,79,3,0,1,6,82,6,3,75,3,1
80,2,82,20,154,0.6188,0.76,1,3,1,1,72,79,3,0,1,6,82,6,3,75,7,1
81,1,21,35,53,0.523033,0.76,1,1,2,1,8,153,3,1,1,84,41,6,3,75,5,0
82,1,37,55,83,0.458,0.76,1,3,0,1,14,9,21,0,1,127,42,6,3,75,5,0
83,1,13,6,24,0.6249,0.76,1,2,1,1,31,138,21,1,1,85,79,6,3,3,9,1
84,2,71,45,151,0.574142,0.76,1,2,1,2,34,48,12,1,1,62,63,6,3,75,5,1
85,1,26,51,44,0.5078,0.76,0,3,2,2,14,121,19,0,1,87,10,6,3,61,5,1
86,1,36,30,85,0.7383,0.76,1,2,1,2,42,172,18,1,1,85,79,6,3,75,8,1
87,1,27,45,52,0.502,0.76,1,1,0,2,31,138,21,1,1,133,3,6,3,75,7,0
88,1,11,49,22,0.5773,0.76,0,0,5,2,40,28,0,1,1,127,42,6,3,75,5,1
89,2,95,11,208,0.837723,0.76,1,5,1,2,74,43,10,1,1,136,89,6,3,75,4,1
90,2,80,35,143,0.507099,0.76,1,3,0,2,78,19,10,1,1,24,20,6,3,75,9,0
91,2,78,53,148,0.608064,0.76,0,0,1,3,34,168,8,1,1,22,61,6,3,75,9,1
92,1,4,34,9,0.606993,0.76,0,1,2,3,55,22,21,1,1,99,44,6,3,75,5,1
93,2,50,44,115,0.773251,0.76,0,1,2,3,55,72,3,1,1,99,44,6,3,75,5,1
94,2,59,50,145,0.587327,0.76,0,3,3,1,45,169,11,1,1,100,0,0,0,75,5,0
95,5,120,1,295,0.677416,0.76,1,3,3,1,0,26,10,0,1,71,50,0,0,75,9,0
96,5,120,50,296,0.340957,0.76,0,3,3,1,45,38,16,1,1,100,0,0,0,75,4,1
97,5,121,40,297,0.450035,0.76,1,3,3,1,0,6,2,1,1,71,50,0,0,75,5,0
98,5,122,37,298,0.417465,0.76,0,3,3,1,45,39,3,1,1,100,0,0,0,75,8,1
99,5,123,17,299,0.615912,0.76,1,3,3,1,0,83,9,1,1,71,50,0,0,75,5,1
100,5,124,11,300,0.419464,0.76,0,3,3,1,45,81,12,0,1,100,0,0,0,75,5,0
101,5,125,3,301,0.748382,0.76,1,3,3,1,0,146,0,1,1,71,50,0,0,75,9,1
102,5,125,43,302,0.400442,0.76,0,3,3,1,45,166,21,1,1,100,0,0,0,75,6,1
103,2,54,19,130,0.6939,0.76,1,3,4,29,63,29,13,1,1,135,11,3,3,24,5,1
104,2,64,8,156,0.6292,0.76,0,3,4,29,9,104,3,0,1,34,73,3,3,24,7,1
105,2,83,42,187,0.6495,0.76,0,3,4,29,9,104,3,0,1,34,73,3,3,24,9,1
106,2,84,17,148,0.6217,0.76,0,0,8,35,9,136,13,1,1,78,24,3,3,20,8,1
107,2,78,10,158,0.489858,0.76,,,,,56,121,0,0,1,38,19,7,6,75,7,1
108,2,73,38,132,0.4484,0.76,1,6,0,35,9,107,3,1,1,63,86,3,3,5,7,1
109,2,76,52,136,0.3819,0.76,1,6,0,35,9,107,3,1,1,63,86,3,3,5,9,1
110,2,85,6,150,0.411,0.76,1,6,0,35,9,136,13,1,1,63,86,3,3,5,2,1
111,1,8,46,18,0.856154,0.76,1,6,0,34,9,104,22,0,0,134,36,3,3,5,1,1
112,2,93,23,164,0.6891,0.76,0,2,3,9,9,104,22,0,1,33,95,3,3,28,5,1
113,2,75,18,173,0.8738,0.76,0,0,4,28,9,104,22,0,1,15,29,3,3,19,1,1
114,1,40,42,64,0.7142,0.76,0,2,2,30,9,136,13,1,1,120,96,3,3,30,4,1
115,1,6,24,9,0.562008,0.76,1,6,0,20,9,104,22,0,1,57,7,3,3,5,8,1
116,1,30,15,56,0.4058,0.76,0,0,1,1,9,104,22,0,1,49,7,3,3,56,5,0
117,1,38,53,83,0.5219,0.76,0,6,1,24,18,82,3,1,1,25,11,3,3,5,4,1
118,2,80,58,164,0.038319,0.76,1,6,1,24,9,104,22,0,1,121,16,3,3,5,9,0
119,1,28,30,53,0.7586,0.76,1,4,0,18,9,104,3,0,1,45,32,3,3,5,5,1
120,1,44,34,76,0.694748,0.76,1,4,2,28,9,104,22,0,1,33,95,3,3,5,2,1
121,1,48,17,111,0.43568,0.76,,,,,54,41,22,1,1,16,97,7,6,75,5,0
122,2,60,29,137,0.3713,0.76,1,4,1,4,9,104,0,0,1,114,49,3,3,5,9,1
123,2,75,0,163,0.4734,0.76,1,4,1,4,9,104,0,0,1,114,49,3,3,5,9,0
124,1,10,20,25,0.3992,0.76,1,6,0,29,9,104,22,0,1,134,36,3,3,5,8,0
125,1,9,25,22,0.433768,0.76,0,2,0,32,79,31,19,1,1,25,11,3,3,5,5,0
126,2,53,14,97,0.3087,0.76,1,2,3,22,9,104,3,0,1,33,95,3,3,5,9,1
127,2,68,10,145,0.2689,0.76,0,1,5,27,9,107,3,1,1,78,70,3,3,29,0,0
128,2,57,41,104,0.524936,0.76,1,2,4,11,47,167,18,1,1,135,11,3,3,36,2,1
129,2,64,57,121,0.513131,0.76,1,5,0,23,9,104,22,0,1,35,49,3,3,5,8,1
130,1,41,12,99,0.441811,0.76,0,0,5,4,9,104,3,0,1,72,49,3,3,13,9,0
131,2,54,7,107,0.824049,0.76,0,0,6,20,9,104,3,0,1,107,30,3,3,16,5,1
132,2,61,29,106,0.5123,0.76,0,1,3,16,9,107,3,1,1,63,86,3,3,17,3,0
133,2,91,35,206,0.5297,0.76,1,1,4,13,62,87,0,1,1,135,11,3,3,12,4,1
134,2,55,51,144,0.4369,0.76,1,6,1,26,9,104,22,0,1,27,70,3,3,5,8,1
135,2,80,10,181,0.5696,0.76,0,6,1,26,60,2,19,1,1,25,11,3,3,5,9,1
136,2,81,16,164,0.8608,0.76,1,4,1,36,9,104,22,0,1,7,96,3,3,5,9,1
137,1,30,56,40,0.5127,0.76,0,0,2,27,9,104,22,0,1,65,29,3,3,19,7,1
138,1,33,23,75,0.578,0.76,1,3,1,9,63,29,9,1,1,25,11,3,3,24,8,1
139,2,66,41,119,0.3592,0.76,1,7,1,34,9,78,17,1,1,117,64,3,3,5,9,1
140,2,54,27,108,0.460401,0.76,0,1,5,4,9,104,22,0,1,73,47,3,3,18,9,1
141,1,28,58,60,0.7486,0.76,1,4,0,17,9,136,13,1,1,12,72,3,3,5,9,0
142,2,52,18,101,0.4134,0.76,1,1,3,25,37,58,11,1,1,25,11,3,3,21,7,1
143,1,14,2,27,0.4961,0.76,1,3,1,32,9,104,3,0,1,12,72,3,3,5,2,1
144,2,85,14,186,0.485,0.76,1,3,1,32,9,104,3,0,1,12,72,3,3,5,6,0
145,2,69,36,146,0.306841,0.76,1,4,2,38,9,104,22,0,1,138,29,3,3,5,0,0
146,2,74,55,154,0.983396,0.76,1,4,2,38,9,104,19,0,1,138,29,3,3,5,7,1
147,2,89,12,171,0.696,0.76,1,2,1,23,9,104,22,0,1,57,47,3,3,5,4,1
148,2,66,1,132,0.4728,0.76,1,2,1,6,9,136,13,1,1,69,45,3,3,5,9,0
149,1,11,37,11,0.352173,0.76,1,2,0,21,79,126,9,1,1,90,11,3,3,28,7,0
150,2,80,32,138,0.517954,0.76,1,1,0,27,9,104,3,0,1,2,74,3,3,5,7,1
151,1,22,32,47,0.400108,0.76,1,4,1,13,9,104,22,0,1,113,16,3,3,5,5,1
152,1,37,33,68,0.427845,0.76,0,3,1,12,9,104,22,0,1,1,49,3,3,13,9,1
153,2,74,23,125,0.458233,0.76,1,4,1,18,9,107,3,1,1,42,26,3,3,5,4,1
154,2,68,58,126,0.673883,0.76,1,2,0,29,9,104,22,0,1,63,47,3,3,5,6,1
155,1,11,23,20,0.467174,0.76,1,2,2,17,65,130,12,0,1,90,11,3,3,49,2,1
156,2,65,21,126,0.508254,0.76,1,2,0,5,37,175,13,1,1,90,11,3,3,21,5,1
157,1,18,4,27,0.548146,0.76,0,2,2,33,6,156,11,0,1,90,11,3,3,5,8,1
158,2,49,2,80,1.037736,0.76,1,2,2,33,9,104,18,0,1,67,8,3,3,5,4,1
159,2,61,45,108,0.567095,0.76,0,2,2,33,6,156,11,0,1,90,11,3,3,5,8,1
160,1,5,41,7,0.44609,0.76,1,2,3,23,62,158,19,0,1,90,11,3,3,12,5,1
161,2,93,58,207,0.740813,0.76,1,2,2,35,75,147,9,1,1,70,4,5,3,75,7,1
162,2,52,34,122,0.428688,0.76,0,0,2,22,3,164,9,1,1,129,6,5,3,75,7,1
163,1,37,22,102,0.575228,0.76,1,4,1,21,3,164,9,1,1,93,56,5,3,75,8,1
164,2,85,3,205,0.756102,0.76,0,4,1,21,51,123,9,1,1,70,4,5,3,75,4,1
165,2,46,45,106,0.490567,0.76,1,2,1,38,3,164,9,1,1,58,48,5,3,75,5,1
166,1,38,56,92,0.3443,0.76,1,1,1,5,3,164,9,1,1,122,67,5,3,75,2,1
167,1,32,20,71,0.833889,0.76,1,5,0,33,3,164,9,1,0,103,46,5,3,75,1,1
168,1,34,19,74,0.716951,0.76,1,2,1,1,3,164,9,1,1,111,33,5,3,75,2,1
169,1,26,45,62,0.855175,0.76,1,1,1,10,19,140,18,1,0,70,4,5,3,75,1,1
170,2,79,11,188,0.930902,0.76,1,3,2,7,3,164,9,1,0,123,59,5,3,75,2,1
171,2,93,5,227,0.35097,0.76,1,0,0,6,49,151,3,1,1,70,4,5,3,75,9,0
172,2,73,41,138,0.553616,0.76,0,0,1,3,14,121,0,0,1,84,41,6,3,75,8,1
173,1,43,38,102,0.854976,0.76,1,3,0,8,9,150,13,1,1,110,64,3,3,5,5,1
174,2,78,40,163,0.514501,0.76,1,2,2,6,9,150,12,1,1,28,76,3,3,5,5,1
175,1,47,1,114,0.48973,0.76,0,1,3,16,9,154,3,1,1,14,23,3,3,23,4,1
176,2,68,36,173,0.5536,0.76,1,2,0,20,9,150,13,1,1,48,26,3,3,5,9,0
177,1,27,22,66,0.521095,0.76,1,3,1,6,9,150,13,1,1,8,80,3,3,5,8,1
178,1,28,49,64,0.436,0.76,0,2,1,25,9,150,3,1,1,8,80,3,3,22,2,0
179,1,12,55,25,0.5832,0.76,0,3,3,26,63,151,3,1,1,135,11,3,3,5,8,1
180,2,93,20,180,0.621672,0.76,0,3,3,3,2,122,12,1,1,85,79,6,3,45,0,1
181,2,91,28,186,0.461,0.76,0,0,3,3,9,150,13,1,1,41,69,3,3,6,8,1
182,1,37,55,81,0.47745,0.76,1,2,1,19,9,150,13,1,1,64,7,3,3,5,8,1
183,2,83,36,189,0.278794,0.76,0,0,2,3,23,56,14,0,1,136,89,6,3,75,9,0
184,2,79,2,182,0.65064,0.76,0,0,2,25,9,150,13,1,1,28,76,3,3,31,8,1
185,1,3,6,5,0.204916,0.76,1,4,1,13,9,150,13,1,1,36,69,3,3,5,2,0
186,2,56,7,107,0.668,0.76,1,4,1,13,9,150,13,1,1,36,69,3,3,5,9,1
187,2,70,28,134,0.4524,0.76,0,4,1,13,59,57,2,1,1,135,11,3,3,5,8,1
188,1,26,45,47,0.855979,0.76,1,3,0,4,35,155,12,0,1,22,61,6,3,75,8,1
189,5,120,0,293,0.851007,0.76,1,1,1,4,55,22,0,1,1,87,10,6,3,75,8,1
190,5,120,49,294,0.916819,0.76,0,1,1,4,8,153,3,1,1,62,63,6,3,75,9,0
191,5,121,33,295,0.559035,0.76,1,1,1,4,55,66,12,0,1,87,10,6,3,75,8,1
192,5,122,23,296,0.798035,0.76,0,1,1,4,8,46,13,1,1,62,63,6,3,75,5,0
193,5,123,8,297,0.809672,0.76,1,1,1,4,55,118,17,1,1,87,10,6,3,75,5,1
194,5,123,48,298,0.714383,0.76,0,1,1,4,8,162,8,0,1,62,63,6,3,75,7,1
195,5,124,31,299,0.638212,0.76,1,1,1,4,55,71,10,1,1,87,10,6,3,75,7,1
196,1,40,46,85,0.964565,0.76,0,5,1,25,44,144,9,1,1,135,11,3,3,5,5,1
197,2,77,42,165,0.828633,0.76,1,4,1,36,63,151,3,1,1,135,11,3,3,24,8,1
198,1,12,58,24,0.521,0.76,1,3,1,8,80,116,10,1,1,135,11,3,3,30,1,1
199,1,34,18,64,0.51757,0.76,1,3,1,8,80,116,10,1,1,135,11,3,3,30,2,1
200,2,61,19,136,0.449849,0.76,1,4,2,26,6,37,9,1,1,135,11,3,3,25,2,1
201,1,5,2,16,0.4634,0.76,1,6,0,35,9,104,22,0,1,130,95,3,3,5,2,1
202,2,79,43,172,0.514303,0.76,1,2,1,4,9,104,3,0,1,8,80,3,3,5,8,1
203,2,71,58,147,0.667221,0.76,1,1,4,6,44,45,11,1,1,135,11,3,3,13,8,1
204,1,25,54,61,0.3311,0.76,0,2,0,22,59,49,8,1,1,135,11,3,3,5,5,0
205,2,80,28,181,0.4354,0.76,1,2,0,9,9,104,13,0,1,30,1,3,3,5,1,1
206,1,30,3,61,0.677,0.76,0,1,0,30,47,85,13,1,1,135,11,3,3,5,2,0
207,1,6,6,12,0.4963,0.76,0,1,2,4,78,127,13,1,1,118,85,6,4,59,5,1
208,2,75,36,138,0.4589,0.76,0,1,2,4,78,127,13,1,1,118,85,6,4,59,5,1
209,1,4,53,10,0.62427,0.76,1,1,1,34,9,150,13,1,1,105,72,3,3,5,9,1
210,2,68,27,138,0.447,0.76,0,1,0,4,17,77,16,1,1,116,87,6,4,45,5,0
211,2,80,9,166,0.559343,0.76,1,2,0,11,9,150,13,1,1,43,57,3,3,5,9,1
212,1,34,15,78,0.668541,0.76,1,3,1,2,9,150,13,1,1,49,7,3,3,5,5,1
213,1,40,6,101,0.466125,0.76,1,2,1,15,9,150,13,1,1,52,27,3,3,5,8,1
214,1,39,31,103,0.241005,0.76,0,1,1,9,9,150,13,1,1,36,27,3,3,11,8,1
215,2,72,18,167,0.3156,0.76,1,1,1,9,28,50,20,1,1,135,11,3,3,11,8,0
216,1,42,34,95,0.5442,0.76,1,1,2,24,66,36,18,1,1,135,11,3,3,31,9,0
217,2,82,56,180,0.634119,0.76,0,1,2,24,9,150,13,1,1,28,76,3,3,31,7,1
218,2,86,6,171,0.4394,0.76,1,5,0,19,9,154,3,1,1,77,27,3,3,5,4,1
219,2,81,0,167,0.38094,0.76,1,3,0,13,9,104,22,0,1,125,77,3,3,5,5,1
220,2,78,57,191,0.4085,0.76,1,4,3,25,6,37,9,1,1,135,11,3,3,25,3,1
221,2,80,39,168,0.6008,0.76,1,3,5,38,64,75,9,0,1,76,11,3,3,15,9,1
222,2,89,22,172,0.554011,0.76,1,2,1,4,52,103,13,1,1,18,43,6,4,51,8,1
223,1,47,27,95,0.4846,0.76,0,2,2,23,9,154,3,1,1,108,72,3,3,12,5,0
224,2,82,57,157,0.250057,0.76,0,0,3,5,31,138,21,1,1,62,63,6,3,60,4,0
225,2,55,3,122,0.4689,0.76,1,1,2,21,59,139,3,1,1,135,11,3,3,6,5,1
226,2,98,6,193,0.9297,0.76,0,1,2,5,9,104,22,0,1,59,32,3,3,10,8,1
227,1,5,7,13,0.8091,0.76,1,6,1,6,9,154,3,1,1,51,8,3,3,5,5,1
228,2,70,36,165,0.668727,0.76,1,1,1,2,9,104,22,0,1,13,69,3,3,5,5,1
229,1,31,2,56,0.5378,0.76,1,2,0,26,9,104,22,0,1,49,7,3,3,5,4,1
230,2,77,18,167,0.5308,0.76,0,3,3,35,80,125,0,1,1,135,11,3,3,5,9,1
231,2,80,51,172,0.4727,0.76,1,2,0,30,9,104,22,0,1,15,77,3,3,5,5,0
232,2,69,39,153,0.3422,0.76,1,2,0,15,9,154,3,1,1,61,73,3,3,5,8,0
233,2,90,36,208,0.5413,0.76,0,2,4,27,9,174,3,1,1,112,76,3,3,31,5,1
234,2,93,1,219,0.614436,0.76,0,2,1,21,36,148,18,1,1,135,11,3,3,5,2,1
235,2,52,4,139,0.5837,0.76,0,1,1,32,9,104,3,0,1,61,73,3,3,24,1,1
236,2,81,39,186,0.675419,0.76,1,1,1,32,63,29,13,1,1,135,11,3,3,24,6,1
237,2,81,29,135,0.7133,0.76,1,2,1,34,65,170,22,1,1,76,11,3,3,49,1,1
238,2,86,57,194,0.7027,0.76,1,4,2,10,9,104,22,0,1,36,52,3,3,5,9,1
239,2,83,10,156,0.5271,0.76,1,1,2,6,31,163,17,1,1,5,93,6,5,34,5,0
240,2,69,30,148,0.355219,0.76,1,1,3,10,36,113,13,1,1,135,11,3,3,8,4,1
241,2,49,55,90,0.388417,0.76,0,2,1,24,5,5,16,1,1,76,11,3,3,5,8,1
242,1,35,1,89,0.4518,0.76,1,0,3,1,59,133,18,1,1,135,11,3,3,6,4,0
243,1,32,44,61,0.5163,0.76,1,3,0,20,9,104,3,0,1,13,69,3,3,5,8,1
244,2,52,50,135,0.6368,0.76,1,3,1,31,9,104,3,0,1,33,1,3,3,5,6,1
245,2,83,0,194,0.6824,0.76,0,0,3,14,9,104,3,0,1,109,64,3,3,14,8,1
246,1,12,51,32,0.5695,0.76,1,5,0,11,9,104,0,0,1,36,52,3,3,5,9,1
247,2,63,38,144,0.368167,0.76,1,4,0,37,9,104,3,0,1,27,32,3,3,5,8,1
248,2,78,29,170,0.416655,0.76,1,4,0,37,9,104,3,0,1,27,32,3,3,5,7,1
249,2,60,56,137,0.530907,0.76,1,2,0,7,78,127,13,1,1,119,58,6,0,34,8,1
250,2,55,47,106,0.5156,0.76,0,0,2,27,9,104,3,0,1,92,69,3,3,6,8,1
251,2,57,51,142,0.674,0.76,1,2,0,31,9,104,3,0,1,49,7,3,3,5,8,1
252,2,85,32,175,0.5882,0.76,1,4,2,19,9,104,3,0,1,21,72,3,3,5,1,1
253,2,94,40,185,0.4931,0.76,1,0,0,9,9,104,3,0,1,69,80,3,3,5,6,0
254,1,34,13,64,0.6008,0.76,1,4,1,20,9,104,3,0,1,59,57,3,3,5,2,1
255,2,58,46,113,0.566,0.76,1,4,1,20,9,104,3,0,1,59,57,3,3,5,7,1
256,1,23,30,46,2.14811,0.76,1,1,4,32,66,176,0,1,1,135,11,3,3,31,8,0
257,2,85,5,164,0.8337,0.76,0,1,4,32,9,104,3,0,1,112,76,3,3,31,1,1
258,1,22,43,52,0.5164,0.76,1,1,2,34,44,90,0,0,1,135,11,3,3,13,5,1
259,2,71,38,137,0.60163,0.76,0,1,2,34,9,104,0,0,1,52,49,3,3,13,9,1
260,2,61,44,131,0.5935,0.76,0,5,3,29,37,65,7,0,1,135,11,3,3,5,2,1
261,2,88,54,169,1.482528,0.76,0,5,3,29,37,65,7,0,0,135,11,3,3,5,8,1
262,1,27,9,54,0.4185,0.76,1,5,1,21,9,104,3,0,1,7,64,3,3,5,5,1
263,1,41,18,71,0.3856,0.76,1,7,0,1,9,104,3,0,1,82,49,3,3,5,4,1
264,2,86,39,144,0.4084,0.76,1,0,4,13,44,90,0,0,1,135,11,3,3,13,5,0
265,1,38,23,81,0.534452,0.76,0,1,1,22,9,104,3,0,1,134,95,3,3,28,9,1
266,2,73,24,154,0.3583,0.76,0,1,4,4,9,104,3,0,1,98,36,3,3,8,7,1
267,1,35,41,82,0.3026,0.76,1,0,4,5,60,149,19,1,1,135,11,3,3,29,4,0
268,2,56,42,102,0.350468,0.76,0,3,1,18,6,120,3,1,1,25,11,3,3,5,9,1
269,1,25,49,49,0.6413,0.76,1,4,5,8,28,110,13,1,1,135,11,3,3,11,7,1
270,2,76,13,168,0.5913,0.76,0,0,1,31,9,104,3,0,1,45,32,3,3,48,5,1
271,2,63,29,150,1.16,0.76,0,2,3,6,69,80,3,1,1,19,66,4,3,47,5,1
272,2,71,40,164,0.533,0.76,1,1,2,6,70,19,19,1,1,81,62,4,3,74,4,0
273,2,92,10,197,0.572,0.76,0,4,1,14,22,173,18,1,1,81,62,4,3,53,5,1
274,2,55,55,148,1.8,0.76,1,3,1,14,69,127,13,1,1,68,37,4,3,71,9,1
275,1,46,2,92,0.592,0.76,0,1,2,16,56,4,18,0,1,0,94,4,3,50,9,1
276,2,96,33,195,0.535,0.76,1,2,2,19,56,121,9,0,1,79,81,4,3,33,7,0
277,1,30,47,71,0.693,0.76,0,1,4,11,54,111,9,1,1,19,66,4,3,47,9,1
278,2,70,51,131,0.4,0.76,1,2,0,1,26,109,0,1,1,44,60,2,1,63,5,1
279,2,57,9,102,0.56,0.76,1,2,1,1,33,12,3,0,1,96,9,2,1,37,7,1
280,2,61,16,108,0.56,0.76,0,2,1,1,7,132,19,1,1,55,35,2,1,37,8,1
281,2,63,7,89,0.427,0.76,1,1,1,1,1,104,15,0,1,54,39,2,1,44,1,0
282,1,45,42,81,0.613,0.76,1,0,1,1,57,24,0,1,1,80,25,2,1,42,9,0
283,1,34,50,59,0.787,0.76,1,1,2,1,77,53,19,1,1,74,31,2,1,72,5,1
284,2,64,37,124,0.613,0.76,1,1,0,1,73,7,8,1,1,56,83,2,1,65,8,1
285,2,72,40,149,0.533,0.76,0,3,1,2,29,134,18,0,1,60,78,2,1,54,9,1
286,1,5,15,10,1.04,0.76,0,1,2,1,41,160,0,1,1,31,21,2,1,42,2,1
287,1,37,56,58,0.44,0.76,0,1,1,2,7,132,10,1,1,80,25,2,1,55,8,1
288,2,82,8,147,0.72,0.76,0,2,0,2,38,67,11,1,1,44,60,2,1,72,9,0
289,1,6,0,12,0.48,0.76,1,5,2,2,11,42,13,1,1,40,92,2,1,44,5,1
290,1,25,22,54,1.227,0.76,0,1,2,2,50,20,0,0,1,56,83,2,1,52,1,1
291,1,21,35,32,0.493,0.76,1,6,1,2,30,68,9,1,1,66,65,2,1,65,9,1
292,1,45,16,60,0.44,0.76,1,6,1,2,30,68,9,1,1,66,65,2,1,65,4,1
293,2,52,22,82,0.68,0.76,0,1,1,3,58,29,9,1,1,4,40,2,1,42,6,0
294,2,92,47,137,0.693,0.76,1,1,1,3,39,95,2,1,1,115,68,2,1,42,9,1
295,1,40,16,74,0.32,0.76,1,2,1,3,68,51,3,1,1,39,28,2,1,72,5,0
296,1,50,35,85,0.573,0.76,1,2,1,3,68,152,10,0,1,39,28,2,1,72,9,1
297,2,75,9,136,0.733,0.76,1,1,2,3,38,67,19,1,1,86,22,2,1,52,9,1
298,2,50,24,101,0.56,0.76,1,1,2,3,53,165,23,1,1,47,2,2,1,54,8,1
299,2,61,34,114,0.573,0.76,0,0,3,3,73,7,8,1,1,46,55,2,1,9,9,1
300,2,92,52,170,0.427,0.76,0,2,2,3,25,18,22,0,1,137,88,2,1,65,9,0
301,1,3,28,5,0.68,0.76,1,3,3,1,58,29,9,1,1,32,84,2,1,43,7,1
302,1,12,42,19,0.84,0.76,1,4,3,4,33,12,23,0,1,47,2,2,4,75,2,1
303,4,115,47,207,0.578,0.76,1,1,1,4,26,109,11,1,1,80,25,2,4,65,8,0
304,5,120,7,215,0.307,0.76,0,1,1,4,27,25,24,1,1,29,22,2,4,65,5,0
305,5,120,57,217,0.493,0.76,1,1,1,4,26,131,12,1,1,80,25,2,4,65,2,0
306,5,121,52,219,0.347,0.76,0,1,1,4,27,161,17,1,1,29,22,2,4,65,9,1
307,5,122,36,220,0.813,0.76,1,1,1,4,26,8,9,1,1,80,25,2,4,65,5,1
308,5,123,29,221,0.4,0.76,0,1,1,4,27,129,10,1,1,29,22,2,4,65,5,1
309,5,124,16,222,0.48,0.76,1,1,1,4,26,109,11,1,1,80,25,2,4,65,2,1
310,5,125,7,223,0.32,0.76,0,1,1,4,27,101,19,1,1,29,22,2,4,65,3,0
311,5,126,15,225,0.36,0.76,1,1,1,4,26,89,7,0,1,80,25,2,4,65,5,0
312,5,127,7,227,0.36,0.76,0,1,1,4,27,137,3,1,1,29,22,2,4,65,2,0
313,5,128,4,229,0.493,0.76,1,1,1,4,26,73,20,1,1,80,25,2,4,65,5,1
314,1,40,55,66,0.613,0.76,0,1,1,4,67,15,3,1,1,32,84,2,4,64,7,1
315,5,120,5,198,0.653,0.76,1,1,1,4,71,10,0,1,1,60,78,2,4,64,7,1
316,5,120,45,199,0.533,0.76,0,1,1,4,67,60,24,1,1,32,84,2,4,64,4,1
317,5,121,25,200,1,0.76,1,1,1,4,71,64,17,1,1,60,78,2,4,64,4,1
318,5,122,8,201,0.653,0.76,0,1,1,4,67,157,8,1,1,32,84,2,4,64,7,1
319,5,122,44,202,0.533,0.76,1,1,1,4,71,88,20,1,1,60,78,2,4,64,5,0
320,5,123,25,204,0.453,0.76,0,1,1,4,67,3,19,1,1,32,84,2,4,64,2,1
321,5,124,1,205,0.493,0.76,1,1,1,4,71,159,8,1,1,60,78,2,4,64,4,1
322,5,124,40,206,0.533,0.76,0,1,1,4,67,34,12,0,1,32,84,2,4,64,1,1
323,5,125,36,207,0.4,0.76,1,1,1,4,71,69,3,0,1,60,78,2,4,64,0,0
324,2,56,54,96,0.427,0.76,0,1,1,4,30,68,9,1,1,31,21,2,4,44,1,1
325,5,120,14,216,0.533,0.76,1,1,1,4,24,143,18,1,1,74,31,2,4,44,1,1
326,5,121,0,217,0.4,0.76,0,1,1,4,30,68,9,1,1,31,21,2,4,44,5,1
327,5,121,46,218,0.653,0.76,1,1,1,4,24,92,22,1,1,74,31,2,4,44,9,1
328,5,122,29,219,0.36,0.76,0,1,1,4,30,117,17,1,1,31,21,2,4,44,5,1
329,5,123,13,220,0.613,0.76,1,1,1,4,24,108,19,1,1,74,31,2,4,44,8,1
330,5,123,58,221,0.36,0.76,0,1,1,4,30,86,2,1,1,31,21,2,4,44,8,0
331,5,124,50,223,0.813,0.76,1,1,1,4,24,11,10,1,1,74,31,2,4,44,9,0
332,5,125,37,224,0.36,0.76,0,1,1,4,30,99,21,1,1,31,21,2,4,44,4,1
333,5,126,25,225,0.853,0.76,1,1,1,4,24,21,9,1,1,74,31,2,4,44,1,0
334,5,127,14,227,0.44,0.76,0,1,1,4,30,47,6,1,1,31,21,2,4,44,5,1
335,5,121,11,239,0.6,0.76,1,2,2,5,67,60,13,1,1,29,22,2,2,43,1,0
336,5,121,57,241,0.613,0.76,0,2,2,5,26,114,12,1,1,60,78,2,2,43,7,1
337,5,122,41,242,0.427,0.76,1,2,2,5,67,1,0,1,1,29,22,2,2,43,8,1
338,5,123,24,243,0.813,0.76,0,2,2,5,26,124,22,1,1,60,78,2,2,43,8,0
339,5,124,10,245,0.4,0.76,1,2,2,5,67,135,16,1,1,29,22,2,2,43,9,0
340,5,125,8,246,0.56,0.76,0,2,2,5,26,109,21,1,1,60,78,2,2,43,5,1
341,5,125,51,247,0.4,0.76,1,2,2,5,67,157,8,1,1,29,22,2,2,43,5,1
342,5,126,31,248,0.56,0.76,0,2,2,5,26,40,16,1,1,60,78,2,2,43,4,1
343,5,127,8,249,0.48,0.76,1,2,2,5,67,30,19,1,1,29,22,2,2,43,5,1
344,5,127,59,250,0.493,0.76,0,2,2,5,26,73,4,1,1,60,78,2,2,43,5,1
345,1,37,56,73,0.533,0.76,1,4,2,7,33,12,18,0,1,29,22,2,0,64,5,1
346,1,38,37,63,0.619538,0.76,0,0,2,2,9,104,3,0,1,42,26,3,3,27,3,0
347,1,20,1,43,0.671,0.76,1,6,1,5,9,104,3,0,1,94,29,3,3,5,4,1
348,2,69,39,145,0.437,0.76,1,4,0,16,9,104,18,0,1,114,27,3,3,5,1,0
349,2,63,29,130,0.847593,0.76,0,0,3,17,9,104,9,0,1,82,73,3,3,24,1,1
350,2,47,50,106,0.581456,0.76,1,1,1,26,43,84,3,1,1,90,11,3,3,26,9,1
351,2,86,7,170,2.16,0.76,0,2,1,32,79,31,19,1,1,90,11,3,3,5,8,1
